TES|04/11/2021|1|IT04743741003|2021-11-04|S1-2021-198||||
RIG|04/11/2021|1||||4015973||45032.94|4.3400000
RIG|04/11/2021|1||||4015970||151282.44|0.3100000
RIG|04/11/2021|1||||4015972||11389.68|2.4400000
RIG|04/11/2021|1||||4015974||11691.3|5.6900000
RIG|04/11/2021|1||||4015971||82163|1.4500000
TES|04/11/2021|2|IT04743741003|2021-11-04|S1-2021-198||||
RIG|04/11/2021|2||||4015973||45032.94|4.3400000
RIG|04/11/2021|2||||4015970||151282.44|0.3100000
RIG|04/11/2021|2||||4015972||11389.68|2.4400000
RIG|04/11/2021|2||||4015974||11691.3|5.6900000
RIG|04/11/2021|2||||4015971||82163|1.4500000
TES|04/11/2021|3|IT04743741003|2021-11-04|S1-2021-198||||
RIG|04/11/2021|3||||4015973||45032.94|4.3400000
RIG|04/11/2021|3||||4015970||151282.44|0.3100000
RIG|04/11/2021|3||||4015972||11389.68|2.4400000
RIG|04/11/2021|3||||4015974||11691.3|5.6900000
RIG|04/11/2021|3||||4015971||82163|1.4500000
TES|04/11/2021|4|IT04743741003|2021-11-04|S1-2021-198||||
RIG|04/11/2021|4||||4015973||45032.94|4.3400000
RIG|04/11/2021|4||||4015970||151282.44|0.3100000
RIG|04/11/2021|4||||4015972||11389.68|2.4400000
RIG|04/11/2021|4||||4015974||11691.3|5.6900000
RIG|04/11/2021|4||||4015971||82163|1.4500000
TES|04/11/2021|5|IT04743741003|2021-11-04|S1-2021-198||||
RIG|04/11/2021|5||||4015973||45032.94|4.3400000
RIG|04/11/2021|5||||4015970||151282.44|0.3100000
RIG|04/11/2021|5||||4015972||11389.68|2.4400000
RIG|04/11/2021|5||||4015974||11691.3|5.6900000
RIG|04/11/2021|5||||4015971||82163|1.4500000
TES|04/11/2021|6|IT04743741003|2021-11-04|S1-2021-198||||
RIG|04/11/2021|6||||4015973||45032.94|4.3400000
RIG|04/11/2021|6||||4015970||151282.44|0.3100000
RIG|04/11/2021|6||||4015972||11389.68|2.4400000
RIG|04/11/2021|6||||4015974||11691.3|5.6900000
RIG|04/11/2021|6||||4015971||82163|1.4500000
TES|04/11/2021|7|IT04743741003|2021-11-04|S1-2021-198||||
RIG|04/11/2021|7||||4015973||45032.94|4.3400000
RIG|04/11/2021|7||||4015970||151282.44|0.3100000
RIG|04/11/2021|7||||4015972||11389.68|2.4400000
RIG|04/11/2021|7||||4015974||11691.3|5.6900000
RIG|04/11/2021|7||||4015971||82163|1.4500000
TES|04/11/2021|8|IT04743741003|2021-11-04|S1-2021-198||||
RIG|04/11/2021|8||||4015973||45032.94|4.3400000
RIG|04/11/2021|8||||4015970||151282.44|0.3100000
RIG|04/11/2021|8||||4015972||11389.68|2.4400000
RIG|04/11/2021|8||||4015974||11691.3|5.6900000
RIG|04/11/2021|8||||4015971||82163|1.4500000
TES|04/11/2021|9|IT04743741003|2021-11-04|S1-2021-198||||
RIG|04/11/2021|9||||4015973||45032.94|4.3400000
RIG|04/11/2021|9||||4015970||151282.44|0.3100000
RIG|04/11/2021|9||||4015972||11389.68|2.4400000
RIG|04/11/2021|9||||4015974||11691.3|5.6900000
RIG|04/11/2021|9||||4015971||82163|1.4500000
TES|04/11/2021|10|IT04743741003|2021-11-04|S1-2021-198||||
RIG|04/11/2021|10||||4015973||45032.94|4.3400000
RIG|04/11/2021|10||||4015970||151282.44|0.3100000
RIG|04/11/2021|10||||4015972||11389.68|2.4400000
RIG|04/11/2021|10||||4015974||11691.3|5.6900000
RIG|04/11/2021|10||||4015971||82163|1.4500000
TES|04/11/2021|11|IT04743741003|2021-11-04|S1-2021-198||||
RIG|04/11/2021|11||||4015973||45032.94|4.3400000
RIG|04/11/2021|11||||4015970||151282.44|0.3100000
RIG|04/11/2021|11||||4015972||11389.68|2.4400000
RIG|04/11/2021|11||||4015974||11691.3|5.6900000
RIG|04/11/2021|11||||4015971||82163|1.4500000
TES|04/11/2021|12|IT04743741003|2021-11-04|S1-2021-198||||
RIG|04/11/2021|12||||4015973||45032.94|4.3400000
RIG|04/11/2021|12||||4015970||151282.44|0.3100000
RIG|04/11/2021|12||||4015972||11389.68|2.4400000
RIG|04/11/2021|12||||4015974||11691.3|5.6900000
RIG|04/11/2021|12||||4015971||82163|1.4500000
TES|04/11/2021|13|IT04743741003|2021-11-04|S1-2021-198||||
RIG|04/11/2021|13||||4015973||45032.94|4.3400000
RIG|04/11/2021|13||||4015970||151282.44|0.3100000
RIG|04/11/2021|13||||4015972||11389.68|2.4400000
RIG|04/11/2021|13||||4015974||11691.3|5.6900000
RIG|04/11/2021|13||||4015971||82163|1.4500000
TES|04/11/2021|14|IT04743741003|2021-11-04|S1-2021-198||||
RIG|04/11/2021|14||||4015973||45032.94|4.3400000
RIG|04/11/2021|14||||4015970||151282.44|0.3100000
RIG|04/11/2021|14||||4015972||11389.68|2.4400000
RIG|04/11/2021|14||||4015974||11691.3|5.6900000
RIG|04/11/2021|14||||4015971||82163|1.4500000
TES|04/11/2021|15|IT04743741003|2021-11-04|S1-2021-198||||
RIG|04/11/2021|15||||4015973||45032.94|4.3400000
RIG|04/11/2021|15||||4015970||151282.44|0.3100000
RIG|04/11/2021|15||||4015972||11389.68|2.4400000
RIG|04/11/2021|15||||4015974||11691.3|5.6900000
RIG|04/11/2021|15||||4015971||82163|1.4500000
TES|04/11/2021|16|IT04743741003|2021-11-04|S1-2021-198||||
RIG|04/11/2021|16||||4015973||45032.94|4.3400000
RIG|04/11/2021|16||||4015970||151282.44|0.3100000
RIG|04/11/2021|16||||4015972||11389.68|2.4400000
RIG|04/11/2021|16||||4015974||11691.3|5.6900000
RIG|04/11/2021|16||||4015971||82163|1.4500000
TES|04/11/2021|17|IT04743741003|2021-11-04|S1-2021-198||||
RIG|04/11/2021|17||||4015973||45032.94|4.3400000
RIG|04/11/2021|17||||4015970||151282.44|0.3100000
RIG|04/11/2021|17||||4015972||11389.68|2.4400000
RIG|04/11/2021|17||||4015974||11691.3|5.6900000
RIG|04/11/2021|17||||4015971||82163|1.4500000
TES|04/11/2021|18|IT04743741003|2021-11-04|S1-2021-198||||
RIG|04/11/2021|18||||4015973||45032.94|4.3400000
RIG|04/11/2021|18||||4015970||151282.44|0.3100000
RIG|04/11/2021|18||||4015972||11389.68|2.4400000
RIG|04/11/2021|18||||4015974||11691.3|5.6900000
RIG|04/11/2021|18||||4015971||82163|1.4500000
TES|04/11/2021|19|IT04743741003|2021-11-04|S1-2021-198||||
RIG|04/11/2021|19||||4015973||45032.94|4.3400000
RIG|04/11/2021|19||||4015970||151282.44|0.3100000
RIG|04/11/2021|19||||4015972||11389.68|2.4400000
RIG|04/11/2021|19||||4015974||11691.3|5.6900000
RIG|04/11/2021|19||||4015971||82163|1.4500000
TES|04/11/2021|20|IT04743741003|2021-11-04|S1-2021-198||||
RIG|04/11/2021|20||||4015973||45032.94|4.3400000
RIG|04/11/2021|20||||4015970||151282.44|0.3100000
RIG|04/11/2021|20||||4015972||11389.68|2.4400000
RIG|04/11/2021|20||||4015974||11691.3|5.6900000
RIG|04/11/2021|20||||4015971||82163|1.4500000
TES|04/11/2021|21|IT04743741003|2021-11-04|S1-2021-198||||
RIG|04/11/2021|21||||4015973||45032.94|4.3400000
RIG|04/11/2021|21||||4015970||151282.44|0.3100000
RIG|04/11/2021|21||||4015972||11389.68|2.4400000
RIG|04/11/2021|21||||4015974||11691.3|5.6900000
RIG|04/11/2021|21||||4015971||82163|1.4500000
TES|04/11/2021|22|IT04743741003|2021-11-04|S1-2021-198||||
RIG|04/11/2021|22||||4015973||45032.94|4.3400000
RIG|04/11/2021|22||||4015970||151282.44|0.3100000
RIG|04/11/2021|22||||4015972||11389.68|2.4400000
RIG|04/11/2021|22||||4015974||11691.3|5.6900000
RIG|04/11/2021|22||||4015971||82163|1.4500000
TES|04/11/2021|23|IT04743741003|2021-11-04|S1-2021-198||||
RIG|04/11/2021|23||||4015973||45032.94|4.3400000
RIG|04/11/2021|23||||4015970||151282.44|0.3100000
RIG|04/11/2021|23||||4015972||11389.68|2.4400000
RIG|04/11/2021|23||||4015974||11691.3|5.6900000
RIG|04/11/2021|23||||4015971||82163|1.4500000
TES|04/11/2021|24|IT04743741003|2021-11-04|S1-2021-198||||
RIG|04/11/2021|24||||4015973||45032.94|4.3400000
RIG|04/11/2021|24||||4015970||151282.44|0.3100000
RIG|04/11/2021|24||||4015972||11389.68|2.4400000
RIG|04/11/2021|24||||4015974||11691.3|5.6900000
RIG|04/11/2021|24||||4015971||82163|1.4500000
TES|04/11/2021|25|IT04743741003|2021-11-04|S1-2021-198||||
RIG|04/11/2021|25||||4015973||45032.94|4.3400000
RIG|04/11/2021|25||||4015970||151282.44|0.3100000
RIG|04/11/2021|25||||4015972||11389.68|2.4400000
RIG|04/11/2021|25||||4015974||11691.3|5.6900000
RIG|04/11/2021|25||||4015971||82163|1.4500000
TES|04/11/2021|26|IT04743741003|2021-11-04|S1-2021-198||||
RIG|04/11/2021|26||||4015973||45032.94|4.3400000
RIG|04/11/2021|26||||4015970||151282.44|0.3100000
RIG|04/11/2021|26||||4015972||11389.68|2.4400000
RIG|04/11/2021|26||||4015974||11691.3|5.6900000
RIG|04/11/2021|26||||4015971||82163|1.4500000
TES|04/11/2021|27|IT04743741003|2021-11-04|S1-2021-198||||
RIG|04/11/2021|27||||4015973||45032.94|4.3400000
RIG|04/11/2021|27||||4015970||151282.44|0.3100000
RIG|04/11/2021|27||||4015972||11389.68|2.4400000
RIG|04/11/2021|27||||4015974||11691.3|5.6900000
RIG|04/11/2021|27||||4015971||82163|1.4500000
TES|04/11/2021|28|IT04743741003|2021-11-04|S1-2021-198||||
RIG|04/11/2021|28||||4015973||45032.94|4.3400000
RIG|04/11/2021|28||||4015970||151282.44|0.3100000
RIG|04/11/2021|28||||4015972||11389.68|2.4400000
RIG|04/11/2021|28||||4015974||11691.3|5.6900000
RIG|04/11/2021|28||||4015971||82163|1.4500000
TES|04/11/2021|29|IT04743741003|2021-11-04|S1-2021-198||||
RIG|04/11/2021|29||||4015973||45032.94|4.3400000
RIG|04/11/2021|29||||4015970||151282.44|0.3100000
RIG|04/11/2021|29||||4015972||11389.68|2.4400000
RIG|04/11/2021|29||||4015974||11691.3|5.6900000
RIG|04/11/2021|29||||4015971||82163|1.4500000
TES|04/11/2021|30|IT04743741003|2021-11-04|S1-2021-198||||
RIG|04/11/2021|30||||4015973||45032.94|4.3400000
RIG|04/11/2021|30||||4015970||151282.44|0.3100000
RIG|04/11/2021|30||||4015972||11389.68|2.4400000
RIG|04/11/2021|30||||4015974||11691.3|5.6900000
RIG|04/11/2021|30||||4015971||82163|1.4500000
TES|04/11/2021|31|IT04743741003|2021-11-04|S1-2021-198||||
RIG|04/11/2021|31||||4015973||45032.94|4.3400000
RIG|04/11/2021|31||||4015970||151282.44|0.3100000
RIG|04/11/2021|31||||4015972||11389.68|2.4400000
RIG|04/11/2021|31||||4015974||11691.3|5.6900000
RIG|04/11/2021|31||||4015971||82163|1.4500000
TES|04/11/2021|32|IT04743741003|2021-11-04|S1-2021-198||||
RIG|04/11/2021|32||||4015973||45032.94|4.3400000
RIG|04/11/2021|32||||4015970||151282.44|0.3100000
RIG|04/11/2021|32||||4015972||11389.68|2.4400000
RIG|04/11/2021|32||||4015974||11691.3|5.6900000
RIG|04/11/2021|32||||4015971||82163|1.4500000
TES|04/11/2021|33|IT04743741003|2021-11-04|S1-2021-198||||
RIG|04/11/2021|33||||4015973||45032.94|4.3400000
RIG|04/11/2021|33||||4015970||151282.44|0.3100000
RIG|04/11/2021|33||||4015972||11389.68|2.4400000
RIG|04/11/2021|33||||4015974||11691.3|5.6900000
RIG|04/11/2021|33||||4015971||82163|1.4500000
TES|04/11/2021|34|IT04743741003|2021-11-04|S1-2021-198||||
RIG|04/11/2021|34||||4015973||45032.94|4.3400000
RIG|04/11/2021|34||||4015970||151282.44|0.3100000
RIG|04/11/2021|34||||4015972||11389.68|2.4400000
RIG|04/11/2021|34||||4015974||11691.3|5.6900000
RIG|04/11/2021|34||||4015971||82163|1.4500000
TES|04/11/2021|35|IT04743741003|2021-11-04|S1-2021-198||||
RIG|04/11/2021|35||||4015973||45032.94|4.3400000
RIG|04/11/2021|35||||4015970||151282.44|0.3100000
RIG|04/11/2021|35||||4015972||11389.68|2.4400000
RIG|04/11/2021|35||||4015974||11691.3|5.6900000
RIG|04/11/2021|35||||4015971||82163|1.4500000
TES|04/11/2021|36|IT04743741003|2021-11-04|S1-2021-198||||
RIG|04/11/2021|36||||4015973||45032.94|4.3400000
RIG|04/11/2021|36||||4015970||151282.44|0.3100000
RIG|04/11/2021|36||||4015972||11389.68|2.4400000
RIG|04/11/2021|36||||4015974||11691.3|5.6900000
RIG|04/11/2021|36||||4015971||82163|1.4500000
TES|04/11/2021|37|IT04743741003|2021-11-04|S1-2021-198||||
RIG|04/11/2021|37||||4015973||45032.94|4.3400000
RIG|04/11/2021|37||||4015970||151282.44|0.3100000
RIG|04/11/2021|37||||4015972||11389.68|2.4400000
RIG|04/11/2021|37||||4015974||11691.3|5.6900000
RIG|04/11/2021|37||||4015971||82163|1.4500000
TES|04/11/2021|38|IT04743741003|2021-11-04|S1-2021-198||||
RIG|04/11/2021|38||||4015973||45032.94|4.3400000
RIG|04/11/2021|38||||4015970||151282.44|0.3100000
RIG|04/11/2021|38||||4015972||11389.68|2.4400000
RIG|04/11/2021|38||||4015974||11691.3|5.6900000
RIG|04/11/2021|38||||4015971||82163|1.4500000
TES|04/11/2021|39|IT04743741003|2021-11-04|S1-2021-198||||
RIG|04/11/2021|39||||4015973||45032.94|4.3400000
RIG|04/11/2021|39||||4015970||151282.44|0.3100000
RIG|04/11/2021|39||||4015972||11389.68|2.4400000
RIG|04/11/2021|39||||4015974||11691.3|5.6900000
RIG|04/11/2021|39||||4015971||82163|1.4500000
TES|04/11/2021|40|IT04743741003|2021-11-04|S1-2021-198||||
RIG|04/11/2021|40||||4015973||45032.94|4.3400000
RIG|04/11/2021|40||||4015970||151282.44|0.3100000
RIG|04/11/2021|40||||4015972||11389.68|2.4400000
RIG|04/11/2021|40||||4015974||11691.3|5.6900000
RIG|04/11/2021|40||||4015971||82163|1.4500000
TES|04/11/2021|41|IT04743741003|2021-11-04|S1-2021-198||||
RIG|04/11/2021|41||||4015973||45032.94|4.3400000
RIG|04/11/2021|41||||4015970||151282.44|0.3100000
RIG|04/11/2021|41||||4015972||11389.68|2.4400000
RIG|04/11/2021|41||||4015974||11691.3|5.6900000
RIG|04/11/2021|41||||4015971||82163|1.4500000
TES|04/11/2021|42|IT04743741003|2021-11-04|S1-2021-198||||
RIG|04/11/2021|42||||4015973||45032.94|4.3400000
RIG|04/11/2021|42||||4015970||151282.44|0.3100000
RIG|04/11/2021|42||||4015972||11389.68|2.4400000
RIG|04/11/2021|42||||4015974||11691.3|5.6900000
RIG|04/11/2021|42||||4015971||82163|1.4500000
TES|04/11/2021|43|IT04743741003|2021-11-04|S1-2021-198||||
RIG|04/11/2021|43||||4015973||45032.94|4.3400000
RIG|04/11/2021|43||||4015970||151282.44|0.3100000
RIG|04/11/2021|43||||4015972||11389.68|2.4400000
RIG|04/11/2021|43||||4015974||11691.3|5.6900000
RIG|04/11/2021|43||||4015971||82163|1.4500000
TES|04/11/2021|44|IT04743741003|2021-11-04|S1-2021-198||||
RIG|04/11/2021|44||||4015973||45032.94|4.3400000
RIG|04/11/2021|44||||4015970||151282.44|0.3100000
RIG|04/11/2021|44||||4015972||11389.68|2.4400000
RIG|04/11/2021|44||||4015974||11691.3|5.6900000
RIG|04/11/2021|44||||4015971||82163|1.4500000
TES|04/11/2021|45|IT04743741003|2021-11-04|S1-2021-198||||
RIG|04/11/2021|45||||4015973||45032.94|4.3400000
RIG|04/11/2021|45||||4015970||151282.44|0.3100000
RIG|04/11/2021|45||||4015972||11389.68|2.4400000
RIG|04/11/2021|45||||4015974||11691.3|5.6900000
RIG|04/11/2021|45||||4015971||82163|1.4500000
TES|04/11/2021|46|IT04743741003|2021-11-04|S1-2021-198||||
RIG|04/11/2021|46||||4015973||45032.94|4.3400000
RIG|04/11/2021|46||||4015970||151282.44|0.3100000
RIG|04/11/2021|46||||4015972||11389.68|2.4400000
RIG|04/11/2021|46||||4015974||11691.3|5.6900000
RIG|04/11/2021|46||||4015971||82163|1.4500000
TES|04/11/2021|47|IT04743741003|2021-11-04|S1-2021-198||||
RIG|04/11/2021|47||||4015973||45032.94|4.3400000
RIG|04/11/2021|47||||4015970||151282.44|0.3100000
RIG|04/11/2021|47||||4015972||11389.68|2.4400000
RIG|04/11/2021|47||||4015974||11691.3|5.6900000
RIG|04/11/2021|47||||4015971||82163|1.4500000
TES|04/11/2021|48|IT04743741003|2021-11-04|S1-2021-198||||
RIG|04/11/2021|48||||4015973||45032.94|4.3400000
RIG|04/11/2021|48||||4015970||151282.44|0.3100000
RIG|04/11/2021|48||||4015972||11389.68|2.4400000
RIG|04/11/2021|48||||4015974||11691.3|5.6900000
RIG|04/11/2021|48||||4015971||82163|1.4500000
TES|04/11/2021|49|IT04743741003|2021-11-04|S1-2021-198||||
RIG|04/11/2021|49||||4015973||45032.94|4.3400000
RIG|04/11/2021|49||||4015970||151282.44|0.3100000
RIG|04/11/2021|49||||4015972||11389.68|2.4400000
RIG|04/11/2021|49||||4015974||11691.3|5.6900000
RIG|04/11/2021|49||||4015971||82163|1.4500000
TES|04/11/2021|50|IT04743741003|2021-11-04|S1-2021-198||||
RIG|04/11/2021|50||||4015973||45032.94|4.3400000
RIG|04/11/2021|50||||4015970||151282.44|0.3100000
RIG|04/11/2021|50||||4015972||11389.68|2.4400000
RIG|04/11/2021|50||||4015974||11691.3|5.6900000
RIG|04/11/2021|50||||4015971||82163|1.4500000
TES|04/11/2021|51|IT04743741003|2021-11-04|S1-2021-198||||
RIG|04/11/2021|51||||4015973||45032.94|4.3400000
RIG|04/11/2021|51||||4015970||151282.44|0.3100000
RIG|04/11/2021|51||||4015972||11389.68|2.4400000
RIG|04/11/2021|51||||4015974||11691.3|5.6900000
RIG|04/11/2021|51||||4015971||82163|1.4500000
TES|04/11/2021|52|IT04743741003|2021-11-04|S1-2021-198||||
RIG|04/11/2021|52||||4015973||45032.94|4.3400000
RIG|04/11/2021|52||||4015970||151282.44|0.3100000
RIG|04/11/2021|52||||4015972||11389.68|2.4400000
RIG|04/11/2021|52||||4015974||11691.3|5.6900000
RIG|04/11/2021|52||||4015971||82163|1.4500000
TES|04/11/2021|53|IT04743741003|2021-11-04|S1-2021-198||||
RIG|04/11/2021|53||||4015973||45032.94|4.3400000
RIG|04/11/2021|53||||4015970||151282.44|0.3100000
RIG|04/11/2021|53||||4015972||11389.68|2.4400000
RIG|04/11/2021|53||||4015974||11691.3|5.6900000
RIG|04/11/2021|53||||4015971||82163|1.4500000
TES|04/11/2021|54|IT04743741003|2021-11-04|S1-2021-198||||
RIG|04/11/2021|54||||4015973||45032.94|4.3400000
RIG|04/11/2021|54||||4015970||151282.44|0.3100000
RIG|04/11/2021|54||||4015972||11389.68|2.4400000
RIG|04/11/2021|54||||4015974||11691.3|5.6900000
RIG|04/11/2021|54||||4015971||82163|1.4500000
TES|04/11/2021|55|IT04743741003|2021-11-04|S1-2021-198||||
RIG|04/11/2021|55||||4015973||45032.94|4.3400000
RIG|04/11/2021|55||||4015970||151282.44|0.3100000
RIG|04/11/2021|55||||4015972||11389.68|2.4400000
RIG|04/11/2021|55||||4015974||11691.3|5.6900000
RIG|04/11/2021|55||||4015971||82163|1.4500000
TES|04/11/2021|56|IT04743741003|2021-11-04|S1-2021-198||||
RIG|04/11/2021|56||||4015973||45032.94|4.3400000
RIG|04/11/2021|56||||4015970||151282.44|0.3100000
RIG|04/11/2021|56||||4015972||11389.68|2.4400000
RIG|04/11/2021|56||||4015974||11691.3|5.6900000
RIG|04/11/2021|56||||4015971||82163|1.4500000
TES|04/11/2021|57|IT04743741003|2021-11-04|S1-2021-198||||
RIG|04/11/2021|57||||4015973||45032.94|4.3400000
RIG|04/11/2021|57||||4015970||151282.44|0.3100000
RIG|04/11/2021|57||||4015972||11389.68|2.4400000
RIG|04/11/2021|57||||4015974||11691.3|5.6900000
RIG|04/11/2021|57||||4015971||82163|1.4500000
TES|04/11/2021|58|IT04743741003|2021-11-04|S1-2021-198||||
RIG|04/11/2021|58||||4015973||45032.94|4.3400000
RIG|04/11/2021|58||||4015970||151282.44|0.3100000
RIG|04/11/2021|58||||4015972||11389.68|2.4400000
RIG|04/11/2021|58||||4015974||11691.3|5.6900000
RIG|04/11/2021|58||||4015971||82163|1.4500000
TES|04/11/2021|59|IT04743741003|2021-11-04|S1-2021-198||||
RIG|04/11/2021|59||||4015973||45032.94|4.3400000
RIG|04/11/2021|59||||4015970||151282.44|0.3100000
RIG|04/11/2021|59||||4015972||11389.68|2.4400000
RIG|04/11/2021|59||||4015974||11691.3|5.6900000
RIG|04/11/2021|59||||4015971||82163|1.4500000
TES|04/11/2021|60|IT04743741003|2021-11-04|S1-2021-198||||
RIG|04/11/2021|60||||4015973||45032.94|4.3400000
RIG|04/11/2021|60||||4015970||151282.44|0.3100000
RIG|04/11/2021|60||||4015972||11389.68|2.4400000
RIG|04/11/2021|60||||4015974||11691.3|5.6900000
RIG|04/11/2021|60||||4015971||82163|1.4500000
TES|04/11/2021|61|IT04743741003|2021-11-04|S1-2021-198||||
RIG|04/11/2021|61||||4015973||45032.94|4.3400000
RIG|04/11/2021|61||||4015970||151282.44|0.3100000
RIG|04/11/2021|61||||4015972||11389.68|2.4400000
RIG|04/11/2021|61||||4015974||11691.3|5.6900000
RIG|04/11/2021|61||||4015971||82163|1.4500000
TES|04/11/2021|62|IT04743741003|2021-11-04|S1-2021-198||||
RIG|04/11/2021|62||||4015973||45032.94|4.3400000
RIG|04/11/2021|62||||4015970||151282.44|0.3100000
RIG|04/11/2021|62||||4015972||11389.68|2.4400000
RIG|04/11/2021|62||||4015974||11691.3|5.6900000
RIG|04/11/2021|62||||4015971||82163|1.4500000
TES|04/11/2021|63|IT04743741003|2021-11-04|S1-2021-198||||
RIG|04/11/2021|63||||4015973||45032.94|4.3400000
RIG|04/11/2021|63||||4015970||151282.44|0.3100000
RIG|04/11/2021|63||||4015972||11389.68|2.4400000
RIG|04/11/2021|63||||4015974||11691.3|5.6900000
RIG|04/11/2021|63||||4015971||82163|1.4500000
TES|04/11/2021|64|IT04743741003|2021-11-04|S1-2021-198||||
RIG|04/11/2021|64||||4015973||45032.94|4.3400000
RIG|04/11/2021|64||||4015970||151282.44|0.3100000
RIG|04/11/2021|64||||4015972||11389.68|2.4400000
RIG|04/11/2021|64||||4015974||11691.3|5.6900000
RIG|04/11/2021|64||||4015971||82163|1.4500000
TES|04/11/2021|65|IT04743741003|2021-11-04|S1-2021-198||||
RIG|04/11/2021|65||||4015973||45032.94|4.3400000
RIG|04/11/2021|65||||4015970||151282.44|0.3100000
RIG|04/11/2021|65||||4015972||11389.68|2.4400000
RIG|04/11/2021|65||||4015974||11691.3|5.6900000
RIG|04/11/2021|65||||4015971||82163|1.4500000
TES|04/11/2021|66|IT04743741003|2021-11-04|S1-2021-198||||
RIG|04/11/2021|66||||4015973||45032.94|4.3400000
RIG|04/11/2021|66||||4015970||151282.44|0.3100000
RIG|04/11/2021|66||||4015972||11389.68|2.4400000
RIG|04/11/2021|66||||4015974||11691.3|5.6900000
RIG|04/11/2021|66||||4015971||82163|1.4500000
TES|04/11/2021|67|IT04743741003|2021-11-04|S1-2021-198||||
RIG|04/11/2021|67||||4015973||45032.94|4.3400000
RIG|04/11/2021|67||||4015970||151282.44|0.3100000
RIG|04/11/2021|67||||4015972||11389.68|2.4400000
RIG|04/11/2021|67||||4015974||11691.3|5.6900000
RIG|04/11/2021|67||||4015971||82163|1.4500000
TES|04/11/2021|68|IT04743741003|2021-11-04|S1-2021-198||||
RIG|04/11/2021|68||||4015973||45032.94|4.3400000
RIG|04/11/2021|68||||4015970||151282.44|0.3100000
RIG|04/11/2021|68||||4015972||11389.68|2.4400000
RIG|04/11/2021|68||||4015974||11691.3|5.6900000
RIG|04/11/2021|68||||4015971||82163|1.4500000
TES|04/11/2021|69|IT04743741003|2021-11-04|S1-2021-198||||
RIG|04/11/2021|69||||4015973||45032.94|4.3400000
RIG|04/11/2021|69||||4015970||151282.44|0.3100000
RIG|04/11/2021|69||||4015972||11389.68|2.4400000
RIG|04/11/2021|69||||4015974||11691.3|5.6900000
RIG|04/11/2021|69||||4015971||82163|1.4500000
TES|04/11/2021|70|IT04743741003|2021-11-04|S1-2021-198||||
RIG|04/11/2021|70||||4015973||45032.94|4.3400000
RIG|04/11/2021|70||||4015970||151282.44|0.3100000
RIG|04/11/2021|70||||4015972||11389.68|2.4400000
RIG|04/11/2021|70||||4015974||11691.3|5.6900000
RIG|04/11/2021|70||||4015971||82163|1.4500000
TES|04/11/2021|71|IT04743741003|2021-11-04|S1-2021-198||||
RIG|04/11/2021|71||||4015973||45032.94|4.3400000
RIG|04/11/2021|71||||4015970||151282.44|0.3100000
RIG|04/11/2021|71||||4015972||11389.68|2.4400000
RIG|04/11/2021|71||||4015974||11691.3|5.6900000
RIG|04/11/2021|71||||4015971||82163|1.4500000
TES|04/11/2021|72|IT04743741003|2021-11-04|S1-2021-198||||
RIG|04/11/2021|72||||4015973||45032.94|4.3400000
RIG|04/11/2021|72||||4015970||151282.44|0.3100000
RIG|04/11/2021|72||||4015972||11389.68|2.4400000
RIG|04/11/2021|72||||4015974||11691.3|5.6900000
RIG|04/11/2021|72||||4015971||82163|1.4500000
TES|04/11/2021|73|IT04743741003|2021-11-04|S1-2021-198||||
RIG|04/11/2021|73||||4015973||45032.94|4.3400000
RIG|04/11/2021|73||||4015970||151282.44|0.3100000
RIG|04/11/2021|73||||4015972||11389.68|2.4400000
RIG|04/11/2021|73||||4015974||11691.3|5.6900000
RIG|04/11/2021|73||||4015971||82163|1.4500000
TES|04/11/2021|74|IT04743741003|2021-11-04|S1-2021-198||||
RIG|04/11/2021|74||||4015973||45032.94|4.3400000
RIG|04/11/2021|74||||4015970||151282.44|0.3100000
RIG|04/11/2021|74||||4015972||11389.68|2.4400000
RIG|04/11/2021|74||||4015974||11691.3|5.6900000
RIG|04/11/2021|74||||4015971||82163|1.4500000
TES|04/11/2021|75|IT04743741003|2021-11-04|S1-2021-198||||
RIG|04/11/2021|75||||4015973||45032.94|4.3400000
RIG|04/11/2021|75||||4015970||151282.44|0.3100000
RIG|04/11/2021|75||||4015972||11389.68|2.4400000
RIG|04/11/2021|75||||4015974||11691.3|5.6900000
RIG|04/11/2021|75||||4015971||82163|1.4500000
TES|04/11/2021|76|IT04743741003|2021-11-04|S1-2021-198||||
RIG|04/11/2021|76||||4015973||45032.94|4.3400000
RIG|04/11/2021|76||||4015970||151282.44|0.3100000
RIG|04/11/2021|76||||4015972||11389.68|2.4400000
RIG|04/11/2021|76||||4015974||11691.3|5.6900000
RIG|04/11/2021|76||||4015971||82163|1.4500000
TES|04/11/2021|77|IT04743741003|2021-11-04|S1-2021-198||||
RIG|04/11/2021|77||||4015973||45032.94|4.3400000
RIG|04/11/2021|77||||4015970||151282.44|0.3100000
RIG|04/11/2021|77||||4015972||11389.68|2.4400000
RIG|04/11/2021|77||||4015974||11691.3|5.6900000
RIG|04/11/2021|77||||4015971||82163|1.4500000
TES|04/11/2021|78|IT04743741003|2021-11-04|S1-2021-198||||
RIG|04/11/2021|78||||4015973||45032.94|4.3400000
RIG|04/11/2021|78||||4015970||151282.44|0.3100000
RIG|04/11/2021|78||||4015972||11389.68|2.4400000
RIG|04/11/2021|78||||4015974||11691.3|5.6900000
RIG|04/11/2021|78||||4015971||82163|1.4500000
TES|04/11/2021|79|IT04743741003|2021-11-04|S1-2021-198||||
RIG|04/11/2021|79||||4015973||45032.94|4.3400000
RIG|04/11/2021|79||||4015970||151282.44|0.3100000
RIG|04/11/2021|79||||4015972||11389.68|2.4400000
RIG|04/11/2021|79||||4015974||11691.3|5.6900000
RIG|04/11/2021|79||||4015971||82163|1.4500000
TES|04/11/2021|80|IT04743741003|2021-11-04|S1-2021-198||||
RIG|04/11/2021|80||||4015973||45032.94|4.3400000
RIG|04/11/2021|80||||4015970||151282.44|0.3100000
RIG|04/11/2021|80||||4015972||11389.68|2.4400000
RIG|04/11/2021|80||||4015974||11691.3|5.6900000
RIG|04/11/2021|80||||4015971||82163|1.4500000
TES|04/11/2021|81|IT04743741003|2021-11-04|S1-2021-198||||
RIG|04/11/2021|81||||4015973||45032.94|4.3400000
RIG|04/11/2021|81||||4015970||151282.44|0.3100000
RIG|04/11/2021|81||||4015972||11389.68|2.4400000
RIG|04/11/2021|81||||4015974||11691.3|5.6900000
RIG|04/11/2021|81||||4015971||82163|1.4500000
TES|04/11/2021|82|IT04743741003|2021-11-04|S1-2021-198||||
RIG|04/11/2021|82||||4015973||45032.94|4.3400000
RIG|04/11/2021|82||||4015970||151282.44|0.3100000
RIG|04/11/2021|82||||4015972||11389.68|2.4400000
RIG|04/11/2021|82||||4015974||11691.3|5.6900000
RIG|04/11/2021|82||||4015971||82163|1.4500000
TES|04/11/2021|83|IT04743741003|2021-11-04|S1-2021-198||||
RIG|04/11/2021|83||||4015973||45032.94|4.3400000
RIG|04/11/2021|83||||4015970||151282.44|0.3100000
RIG|04/11/2021|83||||4015972||11389.68|2.4400000
RIG|04/11/2021|83||||4015974||11691.3|5.6900000
RIG|04/11/2021|83||||4015971||82163|1.4500000
TES|04/11/2021|84|IT04743741003|2021-11-04|S1-2021-198||||
RIG|04/11/2021|84||||4015973||45032.94|4.3400000
RIG|04/11/2021|84||||4015970||151282.44|0.3100000
RIG|04/11/2021|84||||4015972||11389.68|2.4400000
RIG|04/11/2021|84||||4015974||11691.3|5.6900000
RIG|04/11/2021|84||||4015971||82163|1.4500000
TES|04/11/2021|85|IT04743741003|2021-11-04|S1-2021-198||||
RIG|04/11/2021|85||||4015973||45032.94|4.3400000
RIG|04/11/2021|85||||4015970||151282.44|0.3100000
RIG|04/11/2021|85||||4015972||11389.68|2.4400000
RIG|04/11/2021|85||||4015974||11691.3|5.6900000
RIG|04/11/2021|85||||4015971||82163|1.4500000
TES|04/11/2021|86|IT04743741003|2021-11-04|S1-2021-198||||
RIG|04/11/2021|86||||4015973||45032.94|4.3400000
RIG|04/11/2021|86||||4015970||151282.44|0.3100000
RIG|04/11/2021|86||||4015972||11389.68|2.4400000
RIG|04/11/2021|86||||4015974||11691.3|5.6900000
RIG|04/11/2021|86||||4015971||82163|1.4500000
TES|04/11/2021|87|IT04743741003|2021-11-04|S1-2021-198||||
RIG|04/11/2021|87||||4015973||45032.94|4.3400000
RIG|04/11/2021|87||||4015970||151282.44|0.3100000
RIG|04/11/2021|87||||4015972||11389.68|2.4400000
RIG|04/11/2021|87||||4015974||11691.3|5.6900000
RIG|04/11/2021|87||||4015971||82163|1.4500000
TES|04/11/2021|88|IT04743741003|2021-11-04|S1-2021-198||||
RIG|04/11/2021|88||||4015973||45032.94|4.3400000
RIG|04/11/2021|88||||4015970||151282.44|0.3100000
RIG|04/11/2021|88||||4015972||11389.68|2.4400000
RIG|04/11/2021|88||||4015974||11691.3|5.6900000
RIG|04/11/2021|88||||4015971||82163|1.4500000
TES|04/11/2021|89|IT04743741003|2021-11-04|S1-2021-198||||
RIG|04/11/2021|89||||4015973||45032.94|4.3400000
RIG|04/11/2021|89||||4015970||151282.44|0.3100000
RIG|04/11/2021|89||||4015972||11389.68|2.4400000
RIG|04/11/2021|89||||4015974||11691.3|5.6900000
RIG|04/11/2021|89||||4015971||82163|1.4500000
TES|04/11/2021|90|IT04743741003|2021-11-04|S1-2021-198||||
RIG|04/11/2021|90||||4015973||45032.94|4.3400000
RIG|04/11/2021|90||||4015970||151282.44|0.3100000
RIG|04/11/2021|90||||4015972||11389.68|2.4400000
RIG|04/11/2021|90||||4015974||11691.3|5.6900000
RIG|04/11/2021|90||||4015971||82163|1.4500000
TES|04/11/2021|91|IT04743741003|2021-11-04|S1-2021-198||||
RIG|04/11/2021|91||||4015973||45032.94|4.3400000
RIG|04/11/2021|91||||4015970||151282.44|0.3100000
RIG|04/11/2021|91||||4015972||11389.68|2.4400000
RIG|04/11/2021|91||||4015974||11691.3|5.6900000
RIG|04/11/2021|91||||4015971||82163|1.4500000
TES|04/11/2021|92|IT04743741003|2021-11-04|S1-2021-198||||
RIG|04/11/2021|92||||4015973||45032.94|4.3400000
RIG|04/11/2021|92||||4015970||151282.44|0.3100000
RIG|04/11/2021|92||||4015972||11389.68|2.4400000
RIG|04/11/2021|92||||4015974||11691.3|5.6900000
RIG|04/11/2021|92||||4015971||82163|1.4500000
TES|04/11/2021|93|IT04743741003|2021-11-04|S1-2021-198||||
RIG|04/11/2021|93||||4015973||45032.94|4.3400000
RIG|04/11/2021|93||||4015970||151282.44|0.3100000
RIG|04/11/2021|93||||4015972||11389.68|2.4400000
RIG|04/11/2021|93||||4015974||11691.3|5.6900000
RIG|04/11/2021|93||||4015971||82163|1.4500000
TES|04/11/2021|94|IT04743741003|2021-11-04|S1-2021-198||||
RIG|04/11/2021|94||||4015973||45032.94|4.3400000
RIG|04/11/2021|94||||4015970||151282.44|0.3100000
RIG|04/11/2021|94||||4015972||11389.68|2.4400000
RIG|04/11/2021|94||||4015974||11691.3|5.6900000
RIG|04/11/2021|94||||4015971||82163|1.4500000
TES|04/11/2021|95|IT04743741003|2021-11-04|S1-2021-198||||
RIG|04/11/2021|95||||4015973||45032.94|4.3400000
RIG|04/11/2021|95||||4015970||151282.44|0.3100000
RIG|04/11/2021|95||||4015972||11389.68|2.4400000
RIG|04/11/2021|95||||4015974||11691.3|5.6900000
RIG|04/11/2021|95||||4015971||82163|1.4500000
TES|04/11/2021|96|IT04743741003|2021-11-04|S1-2021-198||||
RIG|04/11/2021|96||||4015973||45032.94|4.3400000
RIG|04/11/2021|96||||4015970||151282.44|0.3100000
RIG|04/11/2021|96||||4015972||11389.68|2.4400000
RIG|04/11/2021|96||||4015974||11691.3|5.6900000
RIG|04/11/2021|96||||4015971||82163|1.4500000
TES|04/11/2021|97|IT04743741003|2021-11-04|S1-2021-198||||
RIG|04/11/2021|97||||4015973||45032.94|4.3400000
RIG|04/11/2021|97||||4015970||151282.44|0.3100000
RIG|04/11/2021|97||||4015972||11389.68|2.4400000
RIG|04/11/2021|97||||4015974||11691.3|5.6900000
RIG|04/11/2021|97||||4015971||82163|1.4500000
TES|04/11/2021|98|IT04743741003|2021-11-04|S1-2021-198||||
RIG|04/11/2021|98||||4015973||45032.94|4.3400000
RIG|04/11/2021|98||||4015970||151282.44|0.3100000
RIG|04/11/2021|98||||4015972||11389.68|2.4400000
RIG|04/11/2021|98||||4015974||11691.3|5.6900000
RIG|04/11/2021|98||||4015971||82163|1.4500000
TES|04/11/2021|99|IT04743741003|2021-11-04|S1-2021-198||||
RIG|04/11/2021|99||||4015973||45032.94|4.3400000
RIG|04/11/2021|99||||4015970||151282.44|0.3100000
RIG|04/11/2021|99||||4015972||11389.68|2.4400000
RIG|04/11/2021|99||||4015974||11691.3|5.6900000
RIG|04/11/2021|99||||4015971||82163|1.4500000
TES|04/11/2021|100|IT04743741003|2021-11-04|S1-2021-198||||
RIG|04/11/2021|100||||4015973||45032.94|4.3400000
RIG|04/11/2021|100||||4015970||151282.44|0.3100000
RIG|04/11/2021|100||||4015972||11389.68|2.4400000
RIG|04/11/2021|100||||4015974||11691.3|5.6900000
RIG|04/11/2021|100||||4015971||82163|1.4500000
TES|04/11/2021|101|IT04743741003|2021-11-04|S1-2021-198||||
RIG|04/11/2021|101||||4015973||45032.94|4.3400000
RIG|04/11/2021|101||||4015970||151282.44|0.3100000
RIG|04/11/2021|101||||4015972||11389.68|2.4400000
RIG|04/11/2021|101||||4015974||11691.3|5.6900000
RIG|04/11/2021|101||||4015971||82163|1.4500000
TES|04/11/2021|102|IT04743741003|2021-11-04|S1-2021-198||||
RIG|04/11/2021|102||||4015973||45032.94|4.3400000
RIG|04/11/2021|102||||4015970||151282.44|0.3100000
RIG|04/11/2021|102||||4015972||11389.68|2.4400000
RIG|04/11/2021|102||||4015974||11691.3|5.6900000
RIG|04/11/2021|102||||4015971||82163|1.4500000
TES|04/11/2021|103|IT04743741003|2021-11-04|S1-2021-198||||
RIG|04/11/2021|103||||4015973||45032.94|4.3400000
RIG|04/11/2021|103||||4015970||151282.44|0.3100000
RIG|04/11/2021|103||||4015972||11389.68|2.4400000
RIG|04/11/2021|103||||4015974||11691.3|5.6900000
RIG|04/11/2021|103||||4015971||82163|1.4500000
TES|04/11/2021|104|IT04743741003|2021-11-04|S1-2021-198||||
RIG|04/11/2021|104||||4015973||45032.94|4.3400000
RIG|04/11/2021|104||||4015970||151282.44|0.3100000
RIG|04/11/2021|104||||4015972||11389.68|2.4400000
RIG|04/11/2021|104||||4015974||11691.3|5.6900000
RIG|04/11/2021|104||||4015971||82163|1.4500000
TES|04/11/2021|105|IT04743741003|2021-11-04|S1-2021-198||||
RIG|04/11/2021|105||||4015973||45032.94|4.3400000
RIG|04/11/2021|105||||4015970||151282.44|0.3100000
RIG|04/11/2021|105||||4015972||11389.68|2.4400000
RIG|04/11/2021|105||||4015974||11691.3|5.6900000
RIG|04/11/2021|105||||4015971||82163|1.4500000
TES|04/11/2021|106|IT04743741003|2021-11-04|S1-2021-198||||
RIG|04/11/2021|106||||4015973||45032.94|4.3400000
RIG|04/11/2021|106||||4015970||151282.44|0.3100000
RIG|04/11/2021|106||||4015972||11389.68|2.4400000
RIG|04/11/2021|106||||4015974||11691.3|5.6900000
RIG|04/11/2021|106||||4015971||82163|1.4500000
TES|04/11/2021|107|IT04743741003|2021-11-04|S1-2021-198||||
RIG|04/11/2021|107||||4015973||45032.94|4.3400000
RIG|04/11/2021|107||||4015970||151282.44|0.3100000
RIG|04/11/2021|107||||4015972||11389.68|2.4400000
RIG|04/11/2021|107||||4015974||11691.3|5.6900000
RIG|04/11/2021|107||||4015971||82163|1.4500000
TES|04/11/2021|108|IT04743741003|2021-11-04|S1-2021-198||||
RIG|04/11/2021|108||||4015973||45032.94|4.3400000
RIG|04/11/2021|108||||4015970||151282.44|0.3100000
RIG|04/11/2021|108||||4015972||11389.68|2.4400000
RIG|04/11/2021|108||||4015974||11691.3|5.6900000
RIG|04/11/2021|108||||4015971||82163|1.4500000
TES|04/11/2021|109|IT04743741003|2021-11-04|S1-2021-198||||
RIG|04/11/2021|109||||4015973||45032.94|4.3400000
RIG|04/11/2021|109||||4015970||151282.44|0.3100000
RIG|04/11/2021|109||||4015972||11389.68|2.4400000
RIG|04/11/2021|109||||4015974||11691.3|5.6900000
RIG|04/11/2021|109||||4015971||82163|1.4500000
TES|04/11/2021|110|IT04743741003|2021-11-04|S1-2021-198||||
RIG|04/11/2021|110||||4015973||45032.94|4.3400000
RIG|04/11/2021|110||||4015970||151282.44|0.3100000
RIG|04/11/2021|110||||4015972||11389.68|2.4400000
RIG|04/11/2021|110||||4015974||11691.3|5.6900000
RIG|04/11/2021|110||||4015971||82163|1.4500000
TES|04/11/2021|111|IT04743741003|2021-11-04|S1-2021-198||||
RIG|04/11/2021|111||||4015973||45032.94|4.3400000
RIG|04/11/2021|111||||4015970||151282.44|0.3100000
RIG|04/11/2021|111||||4015972||11389.68|2.4400000
RIG|04/11/2021|111||||4015974||11691.3|5.6900000
RIG|04/11/2021|111||||4015971||82163|1.4500000
TES|04/11/2021|112|IT04743741003|2021-11-04|S1-2021-198||||
RIG|04/11/2021|112||||4015973||45032.94|4.3400000
RIG|04/11/2021|112||||4015970||151282.44|0.3100000
RIG|04/11/2021|112||||4015972||11389.68|2.4400000
RIG|04/11/2021|112||||4015974||11691.3|5.6900000
RIG|04/11/2021|112||||4015971||82163|1.4500000
TES|04/11/2021|113|IT04743741003|2021-11-04|S1-2021-198||||
RIG|04/11/2021|113||||4015973||45032.94|4.3400000
RIG|04/11/2021|113||||4015970||151282.44|0.3100000
RIG|04/11/2021|113||||4015972||11389.68|2.4400000
RIG|04/11/2021|113||||4015974||11691.3|5.6900000
RIG|04/11/2021|113||||4015971||82163|1.4500000
TES|04/11/2021|114|IT04743741003|2021-11-04|S1-2021-198||||
RIG|04/11/2021|114||||4015973||45032.94|4.3400000
RIG|04/11/2021|114||||4015970||151282.44|0.3100000
RIG|04/11/2021|114||||4015972||11389.68|2.4400000
RIG|04/11/2021|114||||4015974||11691.3|5.6900000
RIG|04/11/2021|114||||4015971||82163|1.4500000
TES|04/11/2021|115|IT04743741003|2021-11-04|S1-2021-198||||
RIG|04/11/2021|115||||4015973||45032.94|4.3400000
RIG|04/11/2021|115||||4015970||151282.44|0.3100000
RIG|04/11/2021|115||||4015972||11389.68|2.4400000
RIG|04/11/2021|115||||4015974||11691.3|5.6900000
RIG|04/11/2021|115||||4015971||82163|1.4500000
TES|04/11/2021|116|IT04743741003|2021-11-04|S1-2021-198||||
RIG|04/11/2021|116||||4015973||45032.94|4.3400000
RIG|04/11/2021|116||||4015970||151282.44|0.3100000
RIG|04/11/2021|116||||4015972||11389.68|2.4400000
RIG|04/11/2021|116||||4015974||11691.3|5.6900000
RIG|04/11/2021|116||||4015971||82163|1.4500000
TES|04/11/2021|117|IT04743741003|2021-11-04|S1-2021-198||||
RIG|04/11/2021|117||||4015973||45032.94|4.3400000
RIG|04/11/2021|117||||4015970||151282.44|0.3100000
RIG|04/11/2021|117||||4015972||11389.68|2.4400000
RIG|04/11/2021|117||||4015974||11691.3|5.6900000
RIG|04/11/2021|117||||4015971||82163|1.4500000
TES|04/11/2021|118|IT04743741003|2021-11-04|S1-2021-198||||
RIG|04/11/2021|118||||4015973||45032.94|4.3400000
RIG|04/11/2021|118||||4015970||151282.44|0.3100000
RIG|04/11/2021|118||||4015972||11389.68|2.4400000
RIG|04/11/2021|118||||4015974||11691.3|5.6900000
RIG|04/11/2021|118||||4015971||82163|1.4500000
TES|04/11/2021|119|IT04743741003|2021-11-04|S1-2021-198||||
RIG|04/11/2021|119||||4015973||45032.94|4.3400000
RIG|04/11/2021|119||||4015970||151282.44|0.3100000
RIG|04/11/2021|119||||4015972||11389.68|2.4400000
RIG|04/11/2021|119||||4015974||11691.3|5.6900000
RIG|04/11/2021|119||||4015971||82163|1.4500000
TES|04/11/2021|120|IT04743741003|2021-11-04|S1-2021-198||||
RIG|04/11/2021|120||||4015973||45032.94|4.3400000
RIG|04/11/2021|120||||4015970||151282.44|0.3100000
RIG|04/11/2021|120||||4015972||11389.68|2.4400000
RIG|04/11/2021|120||||4015974||11691.3|5.6900000
RIG|04/11/2021|120||||4015971||82163|1.4500000
TES|04/11/2021|121|IT04743741003|2021-11-04|S1-2021-198||||
RIG|04/11/2021|121||||4015973||45032.94|4.3400000
RIG|04/11/2021|121||||4015970||151282.44|0.3100000
RIG|04/11/2021|121||||4015972||11389.68|2.4400000
RIG|04/11/2021|121||||4015974||11691.3|5.6900000
RIG|04/11/2021|121||||4015971||82163|1.4500000
TES|04/11/2021|122|IT04743741003|2021-11-04|S1-2021-198||||
RIG|04/11/2021|122||||4015973||45032.94|4.3400000
RIG|04/11/2021|122||||4015970||151282.44|0.3100000
RIG|04/11/2021|122||||4015972||11389.68|2.4400000
RIG|04/11/2021|122||||4015974||11691.3|5.6900000
RIG|04/11/2021|122||||4015971||82163|1.4500000
TES|04/11/2021|123|IT04743741003|2021-11-04|S1-2021-198||||
RIG|04/11/2021|123||||4015973||45032.94|4.3400000
RIG|04/11/2021|123||||4015970||151282.44|0.3100000
RIG|04/11/2021|123||||4015972||11389.68|2.4400000
RIG|04/11/2021|123||||4015974||11691.3|5.6900000
RIG|04/11/2021|123||||4015971||82163|1.4500000
TES|04/11/2021|124|IT04743741003|2021-11-04|S1-2021-198||||
RIG|04/11/2021|124||||4015973||45032.94|4.3400000
RIG|04/11/2021|124||||4015970||151282.44|0.3100000
RIG|04/11/2021|124||||4015972||11389.68|2.4400000
RIG|04/11/2021|124||||4015974||11691.3|5.6900000
RIG|04/11/2021|124||||4015971||82163|1.4500000
TES|04/11/2021|125|IT04743741003|2021-11-04|S1-2021-198||||
RIG|04/11/2021|125||||4015973||45032.94|4.3400000
RIG|04/11/2021|125||||4015970||151282.44|0.3100000
RIG|04/11/2021|125||||4015972||11389.68|2.4400000
RIG|04/11/2021|125||||4015974||11691.3|5.6900000
RIG|04/11/2021|125||||4015971||82163|1.4500000
TES|04/11/2021|126|IT04743741003|2021-11-04|S1-2021-198||||
RIG|04/11/2021|126||||4015973||45032.94|4.3400000
RIG|04/11/2021|126||||4015970||151282.44|0.3100000
RIG|04/11/2021|126||||4015972||11389.68|2.4400000
RIG|04/11/2021|126||||4015974||11691.3|5.6900000
RIG|04/11/2021|126||||4015971||82163|1.4500000
TES|04/11/2021|127|IT04743741003|2021-11-04|S1-2021-198||||
RIG|04/11/2021|127||||4015973||45032.94|4.3400000
RIG|04/11/2021|127||||4015970||151282.44|0.3100000
RIG|04/11/2021|127||||4015972||11389.68|2.4400000
RIG|04/11/2021|127||||4015974||11691.3|5.6900000
RIG|04/11/2021|127||||4015971||82163|1.4500000
TES|04/11/2021|128|IT04743741003|2021-11-04|S1-2021-198||||
RIG|04/11/2021|128||||4015973||45032.94|4.3400000
RIG|04/11/2021|128||||4015970||151282.44|0.3100000
RIG|04/11/2021|128||||4015972||11389.68|2.4400000
RIG|04/11/2021|128||||4015974||11691.3|5.6900000
RIG|04/11/2021|128||||4015971||82163|1.4500000
TES|04/11/2021|129|IT04743741003|2021-11-04|S1-2021-198||||
RIG|04/11/2021|129||||4015973||45032.94|4.3400000
RIG|04/11/2021|129||||4015970||151282.44|0.3100000
RIG|04/11/2021|129||||4015972||11389.68|2.4400000
RIG|04/11/2021|129||||4015974||11691.3|5.6900000
RIG|04/11/2021|129||||4015971||82163|1.4500000
TES|04/11/2021|130|IT04743741003|2021-11-04|S1-2021-198||||
RIG|04/11/2021|130||||4015973||45032.94|4.3400000
RIG|04/11/2021|130||||4015970||151282.44|0.3100000
RIG|04/11/2021|130||||4015972||11389.68|2.4400000
RIG|04/11/2021|130||||4015974||11691.3|5.6900000
RIG|04/11/2021|130||||4015971||82163|1.4500000
TES|04/11/2021|131|IT04743741003|2021-11-04|S1-2021-198||||
RIG|04/11/2021|131||||4015973||45032.94|4.3400000
RIG|04/11/2021|131||||4015970||151282.44|0.3100000
RIG|04/11/2021|131||||4015972||11389.68|2.4400000
RIG|04/11/2021|131||||4015974||11691.3|5.6900000
RIG|04/11/2021|131||||4015971||82163|1.4500000
TES|04/11/2021|132|IT04743741003|2021-11-04|S1-2021-198||||
RIG|04/11/2021|132||||4015973||45032.94|4.3400000
RIG|04/11/2021|132||||4015970||151282.44|0.3100000
RIG|04/11/2021|132||||4015972||11389.68|2.4400000
RIG|04/11/2021|132||||4015974||11691.3|5.6900000
RIG|04/11/2021|132||||4015971||82163|1.4500000
TES|04/11/2021|133|IT04743741003|2021-11-04|S1-2021-198||||
RIG|04/11/2021|133||||4015973||45032.94|4.3400000
RIG|04/11/2021|133||||4015970||151282.44|0.3100000
RIG|04/11/2021|133||||4015972||11389.68|2.4400000
RIG|04/11/2021|133||||4015974||11691.3|5.6900000
RIG|04/11/2021|133||||4015971||82163|1.4500000
TES|04/11/2021|134|IT04743741003|2021-11-04|S1-2021-198||||
RIG|04/11/2021|134||||4015973||45032.94|4.3400000
RIG|04/11/2021|134||||4015970||151282.44|0.3100000
RIG|04/11/2021|134||||4015972||11389.68|2.4400000
RIG|04/11/2021|134||||4015974||11691.3|5.6900000
RIG|04/11/2021|134||||4015971||82163|1.4500000
TES|04/11/2021|135|IT04743741003|2021-11-04|S1-2021-198||||
RIG|04/11/2021|135||||4015973||45032.94|4.3400000
RIG|04/11/2021|135||||4015970||151282.44|0.3100000
RIG|04/11/2021|135||||4015972||11389.68|2.4400000
RIG|04/11/2021|135||||4015974||11691.3|5.6900000
RIG|04/11/2021|135||||4015971||82163|1.4500000
TES|04/11/2021|136|IT04743741003|2021-11-04|S1-2021-198||||
RIG|04/11/2021|136||||4015973||45032.94|4.3400000
RIG|04/11/2021|136||||4015970||151282.44|0.3100000
RIG|04/11/2021|136||||4015972||11389.68|2.4400000
RIG|04/11/2021|136||||4015974||11691.3|5.6900000
RIG|04/11/2021|136||||4015971||82163|1.4500000
TES|04/11/2021|137|IT04743741003|2021-11-04|S1-2021-198||||
RIG|04/11/2021|137||||4015973||45032.94|4.3400000
RIG|04/11/2021|137||||4015970||151282.44|0.3100000
RIG|04/11/2021|137||||4015972||11389.68|2.4400000
RIG|04/11/2021|137||||4015974||11691.3|5.6900000
RIG|04/11/2021|137||||4015971||82163|1.4500000
TES|04/11/2021|138|IT04743741003|2021-11-04|S1-2021-198||||
RIG|04/11/2021|138||||4015973||45032.94|4.3400000
RIG|04/11/2021|138||||4015970||151282.44|0.3100000
RIG|04/11/2021|138||||4015972||11389.68|2.4400000
RIG|04/11/2021|138||||4015974||11691.3|5.6900000
RIG|04/11/2021|138||||4015971||82163|1.4500000
TES|04/11/2021|139|IT04743741003|2021-11-04|S1-2021-198||||
RIG|04/11/2021|139||||4015973||45032.94|4.3400000
RIG|04/11/2021|139||||4015970||151282.44|0.3100000
RIG|04/11/2021|139||||4015972||11389.68|2.4400000
RIG|04/11/2021|139||||4015974||11691.3|5.6900000
RIG|04/11/2021|139||||4015971||82163|1.4500000
TES|04/11/2021|140|IT04743741003|2021-11-04|S1-2021-198||||
RIG|04/11/2021|140||||4015973||45032.94|4.3400000
RIG|04/11/2021|140||||4015970||151282.44|0.3100000
RIG|04/11/2021|140||||4015972||11389.68|2.4400000
RIG|04/11/2021|140||||4015974||11691.3|5.6900000
RIG|04/11/2021|140||||4015971||82163|1.4500000
TES|04/11/2021|141|IT04743741003|2021-11-04|S1-2021-198||||
RIG|04/11/2021|141||||4015973||45032.94|4.3400000
RIG|04/11/2021|141||||4015970||151282.44|0.3100000
RIG|04/11/2021|141||||4015972||11389.68|2.4400000
RIG|04/11/2021|141||||4015974||11691.3|5.6900000
RIG|04/11/2021|141||||4015971||82163|1.4500000
TES|04/11/2021|142|IT04743741003|2021-11-04|S1-2021-198||||
RIG|04/11/2021|142||||4015973||45032.94|4.3400000
RIG|04/11/2021|142||||4015970||151282.44|0.3100000
RIG|04/11/2021|142||||4015972||11389.68|2.4400000
RIG|04/11/2021|142||||4015974||11691.3|5.6900000
RIG|04/11/2021|142||||4015971||82163|1.4500000
TES|04/11/2021|143|IT04743741003|2021-11-04|S1-2021-198||||
RIG|04/11/2021|143||||4015973||45032.94|4.3400000
RIG|04/11/2021|143||||4015970||151282.44|0.3100000
RIG|04/11/2021|143||||4015972||11389.68|2.4400000
RIG|04/11/2021|143||||4015974||11691.3|5.6900000
RIG|04/11/2021|143||||4015971||82163|1.4500000
TES|04/11/2021|144|IT04743741003|2021-11-04|S1-2021-198||||
RIG|04/11/2021|144||||4015973||45032.94|4.3400000
RIG|04/11/2021|144||||4015970||151282.44|0.3100000
RIG|04/11/2021|144||||4015972||11389.68|2.4400000
RIG|04/11/2021|144||||4015974||11691.3|5.6900000
RIG|04/11/2021|144||||4015971||82163|1.4500000
TES|04/11/2021|145|IT04743741003|2021-11-04|S1-2021-198||||
RIG|04/11/2021|145||||4015973||45032.94|4.3400000
RIG|04/11/2021|145||||4015970||151282.44|0.3100000
RIG|04/11/2021|145||||4015972||11389.68|2.4400000
RIG|04/11/2021|145||||4015974||11691.3|5.6900000
RIG|04/11/2021|145||||4015971||82163|1.4500000
TES|04/11/2021|146|IT04743741003|2021-11-04|S1-2021-198||||
RIG|04/11/2021|146||||4015973||45032.94|4.3400000
RIG|04/11/2021|146||||4015970||151282.44|0.3100000
RIG|04/11/2021|146||||4015972||11389.68|2.4400000
RIG|04/11/2021|146||||4015974||11691.3|5.6900000
RIG|04/11/2021|146||||4015971||82163|1.4500000
TES|04/11/2021|147|IT04743741003|2021-11-04|S1-2021-198||||
RIG|04/11/2021|147||||4015973||45032.94|4.3400000
RIG|04/11/2021|147||||4015970||151282.44|0.3100000
RIG|04/11/2021|147||||4015972||11389.68|2.4400000
RIG|04/11/2021|147||||4015974||11691.3|5.6900000
RIG|04/11/2021|147||||4015971||82163|1.4500000
TES|04/11/2021|148|IT04743741003|2021-11-04|S1-2021-198||||
RIG|04/11/2021|148||||4015973||45032.94|4.3400000
RIG|04/11/2021|148||||4015970||151282.44|0.3100000
RIG|04/11/2021|148||||4015972||11389.68|2.4400000
RIG|04/11/2021|148||||4015974||11691.3|5.6900000
RIG|04/11/2021|148||||4015971||82163|1.4500000
TES|04/11/2021|149|IT04743741003|2021-11-04|S1-2021-198||||
RIG|04/11/2021|149||||4015973||45032.94|4.3400000
RIG|04/11/2021|149||||4015970||151282.44|0.3100000
RIG|04/11/2021|149||||4015972||11389.68|2.4400000
RIG|04/11/2021|149||||4015974||11691.3|5.6900000
RIG|04/11/2021|149||||4015971||82163|1.4500000
TES|04/11/2021|150|IT04743741003|2021-11-04|S1-2021-198||||
RIG|04/11/2021|150||||4015973||45032.94|4.3400000
RIG|04/11/2021|150||||4015970||151282.44|0.3100000
RIG|04/11/2021|150||||4015972||11389.68|2.4400000
RIG|04/11/2021|150||||4015974||11691.3|5.6900000
RIG|04/11/2021|150||||4015971||82163|1.4500000
TES|04/11/2021|151|IT04743741003|2021-11-04|S1-2021-198||||
RIG|04/11/2021|151||||4015973||45032.94|4.3400000
RIG|04/11/2021|151||||4015970||151282.44|0.3100000
RIG|04/11/2021|151||||4015972||11389.68|2.4400000
RIG|04/11/2021|151||||4015974||11691.3|5.6900000
RIG|04/11/2021|151||||4015971||82163|1.4500000
TES|04/11/2021|152|IT04743741003|2021-11-04|S1-2021-198||||
RIG|04/11/2021|152||||4015973||45032.94|4.3400000
RIG|04/11/2021|152||||4015970||151282.44|0.3100000
RIG|04/11/2021|152||||4015972||11389.68|2.4400000
RIG|04/11/2021|152||||4015974||11691.3|5.6900000
RIG|04/11/2021|152||||4015971||82163|1.4500000
TES|04/11/2021|153|IT04743741003|2021-11-04|S1-2021-198||||
RIG|04/11/2021|153||||4015973||45032.94|4.3400000
RIG|04/11/2021|153||||4015970||151282.44|0.3100000
RIG|04/11/2021|153||||4015972||11389.68|2.4400000
RIG|04/11/2021|153||||4015974||11691.3|5.6900000
RIG|04/11/2021|153||||4015971||82163|1.4500000
TES|04/11/2021|154|IT04743741003|2021-11-04|S1-2021-198||||
RIG|04/11/2021|154||||4015973||45032.94|4.3400000
RIG|04/11/2021|154||||4015970||151282.44|0.3100000
RIG|04/11/2021|154||||4015972||11389.68|2.4400000
RIG|04/11/2021|154||||4015974||11691.3|5.6900000
RIG|04/11/2021|154||||4015971||82163|1.4500000
TES|04/11/2021|155|IT04743741003|2021-11-04|S1-2021-198||||
RIG|04/11/2021|155||||4015973||45032.94|4.3400000
RIG|04/11/2021|155||||4015970||151282.44|0.3100000
RIG|04/11/2021|155||||4015972||11389.68|2.4400000
RIG|04/11/2021|155||||4015974||11691.3|5.6900000
RIG|04/11/2021|155||||4015971||82163|1.4500000
TES|04/11/2021|156|IT04743741003|2021-11-04|S1-2021-198||||
RIG|04/11/2021|156||||4015973||45032.94|4.3400000
RIG|04/11/2021|156||||4015970||151282.44|0.3100000
RIG|04/11/2021|156||||4015972||11389.68|2.4400000
RIG|04/11/2021|156||||4015974||11691.3|5.6900000
RIG|04/11/2021|156||||4015971||82163|1.4500000
TES|04/11/2021|157|IT04743741003|2021-11-04|S1-2021-198||||
RIG|04/11/2021|157||||4015973||45032.94|4.3400000
RIG|04/11/2021|157||||4015970||151282.44|0.3100000
RIG|04/11/2021|157||||4015972||11389.68|2.4400000
RIG|04/11/2021|157||||4015974||11691.3|5.6900000
RIG|04/11/2021|157||||4015971||82163|1.4500000
TES|04/11/2021|158|IT04743741003|2021-11-04|S1-2021-198||||
RIG|04/11/2021|158||||4015973||45032.94|4.3400000
RIG|04/11/2021|158||||4015970||151282.44|0.3100000
RIG|04/11/2021|158||||4015972||11389.68|2.4400000
RIG|04/11/2021|158||||4015974||11691.3|5.6900000
RIG|04/11/2021|158||||4015971||82163|1.4500000
TES|04/11/2021|159|IT04743741003|2021-11-04|S1-2021-198||||
RIG|04/11/2021|159||||4015973||45032.94|4.3400000
RIG|04/11/2021|159||||4015970||151282.44|0.3100000
RIG|04/11/2021|159||||4015972||11389.68|2.4400000
RIG|04/11/2021|159||||4015974||11691.3|5.6900000
RIG|04/11/2021|159||||4015971||82163|1.4500000
TES|04/11/2021|160|IT04743741003|2021-11-04|S1-2021-198||||
RIG|04/11/2021|160||||4015973||45032.94|4.3400000
RIG|04/11/2021|160||||4015970||151282.44|0.3100000
RIG|04/11/2021|160||||4015972||11389.68|2.4400000
RIG|04/11/2021|160||||4015974||11691.3|5.6900000
RIG|04/11/2021|160||||4015971||82163|1.4500000
TES|04/11/2021|161|IT04743741003|2021-11-04|S1-2021-198||||
RIG|04/11/2021|161||||4015973||45032.94|4.3400000
RIG|04/11/2021|161||||4015970||151282.44|0.3100000
RIG|04/11/2021|161||||4015972||11389.68|2.4400000
RIG|04/11/2021|161||||4015974||11691.3|5.6900000
RIG|04/11/2021|161||||4015971||82163|1.4500000
TES|04/11/2021|162|IT04743741003|2021-11-04|S1-2021-198||||
RIG|04/11/2021|162||||4015973||45032.94|4.3400000
RIG|04/11/2021|162||||4015970||151282.44|0.3100000
RIG|04/11/2021|162||||4015972||11389.68|2.4400000
RIG|04/11/2021|162||||4015974||11691.3|5.6900000
RIG|04/11/2021|162||||4015971||82163|1.4500000
TES|04/11/2021|163|IT04743741003|2021-11-04|S1-2021-198||||
RIG|04/11/2021|163||||4015973||45032.94|4.3400000
RIG|04/11/2021|163||||4015970||151282.44|0.3100000
RIG|04/11/2021|163||||4015972||11389.68|2.4400000
RIG|04/11/2021|163||||4015974||11691.3|5.6900000
RIG|04/11/2021|163||||4015971||82163|1.4500000
TES|04/11/2021|164|IT04743741003|2021-11-04|S1-2021-198||||
RIG|04/11/2021|164||||4015973||45032.94|4.3400000
RIG|04/11/2021|164||||4015970||151282.44|0.3100000
RIG|04/11/2021|164||||4015972||11389.68|2.4400000
RIG|04/11/2021|164||||4015974||11691.3|5.6900000
RIG|04/11/2021|164||||4015971||82163|1.4500000
TES|04/11/2021|165|IT04743741003|2021-11-04|S1-2021-198||||
RIG|04/11/2021|165||||4015973||45032.94|4.3400000
RIG|04/11/2021|165||||4015970||151282.44|0.3100000
RIG|04/11/2021|165||||4015972||11389.68|2.4400000
RIG|04/11/2021|165||||4015974||11691.3|5.6900000
RIG|04/11/2021|165||||4015971||82163|1.4500000
TES|04/11/2021|166|IT04743741003|2021-11-04|S1-2021-198||||
RIG|04/11/2021|166||||4015973||45032.94|4.3400000
RIG|04/11/2021|166||||4015970||151282.44|0.3100000
RIG|04/11/2021|166||||4015972||11389.68|2.4400000
RIG|04/11/2021|166||||4015974||11691.3|5.6900000
RIG|04/11/2021|166||||4015971||82163|1.4500000
TES|04/11/2021|167|IT04743741003|2021-11-04|S1-2021-198||||
RIG|04/11/2021|167||||4015973||45032.94|4.3400000
RIG|04/11/2021|167||||4015970||151282.44|0.3100000
RIG|04/11/2021|167||||4015972||11389.68|2.4400000
RIG|04/11/2021|167||||4015974||11691.3|5.6900000
RIG|04/11/2021|167||||4015971||82163|1.4500000
TES|04/11/2021|168|IT04743741003|2021-11-04|S1-2021-198||||
RIG|04/11/2021|168||||4015973||45032.94|4.3400000
RIG|04/11/2021|168||||4015970||151282.44|0.3100000
RIG|04/11/2021|168||||4015972||11389.68|2.4400000
RIG|04/11/2021|168||||4015974||11691.3|5.6900000
RIG|04/11/2021|168||||4015971||82163|1.4500000
TES|04/11/2021|169|IT04743741003|2021-11-04|S1-2021-198||||
RIG|04/11/2021|169||||4015973||45032.94|4.3400000
RIG|04/11/2021|169||||4015970||151282.44|0.3100000
RIG|04/11/2021|169||||4015972||11389.68|2.4400000
RIG|04/11/2021|169||||4015974||11691.3|5.6900000
RIG|04/11/2021|169||||4015971||82163|1.4500000
TES|04/11/2021|170|IT04743741003|2021-11-04|S1-2021-198||||
RIG|04/11/2021|170||||4015973||45032.94|4.3400000
RIG|04/11/2021|170||||4015970||151282.44|0.3100000
RIG|04/11/2021|170||||4015972||11389.68|2.4400000
RIG|04/11/2021|170||||4015974||11691.3|5.6900000
RIG|04/11/2021|170||||4015971||82163|1.4500000
TES|04/11/2021|171|IT04743741003|2021-11-04|S1-2021-198||||
RIG|04/11/2021|171||||4015973||45032.94|4.3400000
RIG|04/11/2021|171||||4015970||151282.44|0.3100000
RIG|04/11/2021|171||||4015972||11389.68|2.4400000
RIG|04/11/2021|171||||4015974||11691.3|5.6900000
RIG|04/11/2021|171||||4015971||82163|1.4500000
TES|04/11/2021|172|IT04743741003|2021-11-04|S1-2021-198||||
RIG|04/11/2021|172||||4015973||45032.94|4.3400000
RIG|04/11/2021|172||||4015970||151282.44|0.3100000
RIG|04/11/2021|172||||4015972||11389.68|2.4400000
RIG|04/11/2021|172||||4015974||11691.3|5.6900000
RIG|04/11/2021|172||||4015971||82163|1.4500000
